composition,current_density,overpotential,temperature
Ni56Fe29,1.4252459134786326,0.1642015329066511,77.36420263535821
Ni78Fe24,2.2365450108167613,0.16603600281638067,78.97173972985162
Ni60Fe17,1.954338139532616,0.22095425836719684,64.69430148010802
Ni78Fe16,1.985413042399962,0.338345142323785,74.21763660348309
Ni75Fe28,1.3509866688961507,0.2837145293445828,81.49191335874298
Ni72Fe20,1.1918699850939258,0.28573399133451294,68.12828094949096
Ni60Fe13,1.2420775259692054,0.22238399816757298,66.06762541573605
Ni57Fe12,2.4752991274721157,0.26873215824170765,69.41480424673247
Ni71Fe11,0.580218382824965,0.15202623680554866,67.245018839785
Ni73Fe21,2.234062992244897,0.27721920928190846,66.44737911109188
Ni79Fe15,1.6573508171447868,0.3326573895152473,72.74552528604261
Ni51Fe10,1.377230838379181,0.2725146936689638,87.23515541650602
Ni61Fe21,1.950515320830273,0.324739718693269,75.21178940216154
Ni74Fe26,1.4733378828494057,0.29479461109321875,65.63761142445969
Ni76Fe19,2.246846476163321,0.17411168328073803,62.309150081426225
Ni77Fe25,2.301403728022517,0.3304906614571683,80.88468435413776
Ni64Fe24,1.3434418537469108,0.16328876887115498,71.48396293309163
Ni79Fe28,1.0536555944701032,0.25679349450955274,84.65492839756078
Ni61Fe29,1.6847006571867245,0.17842742475869153,79.7853230592231
Ni74Fe12,2.3247266912333817,0.15234132214618082,83.88724351624106
Ni54Fe28,0.9213243780113332,0.2344068520255278,68.15838118255346
Ni56Fe18,1.7459331671269656,0.20900814153083125,80.77076767383174
Ni56Fe27,1.763120440185041,0.2472000987595206,67.92185954081157
Ni53Fe23,1.966226044830562,0.26543997734691016,88.17205438350875
Ni67Fe18,0.7631353702545196,0.15874781446178945,79.09122844600122
Ni75Fe11,1.9316499293641771,0.1746006590247491,69.73535400526026
Ni69Fe24,2.318065041331282,0.261728479290085,68.08535586876818
Ni77Fe16,0.8593662177404839,0.21863347063453165,65.7277975521493
Ni61Fe17,0.9750866498477553,0.29583469750988955,80.83922876681183
Ni64Fe12,2.442790188083279,0.2804583297183879,66.56146838993782
Ni63Fe26,0.8619539054189795,0.31912087259798133,77.85909797782467
Ni53Fe27,2.2087701867391583,0.28849856533384505,67.93905080776072
Ni57Fe13,1.4845557128960696,0.23598621547802962,79.85906834381606
Ni51Fe15,0.9944621488063541,0.28459332447888647,84.44819185621617
Ni71Fe19,2.2414998025450226,0.2050762348510837,83.3407572943396
Ni53Fe27,1.390610510005331,0.21126269975564252,82.82553992792344
Ni75Fe21,1.5296347078593804,0.30779703198415864,65.63167217076756
Ni51Fe19,1.2184667387995314,0.2392839032803164,62.651548409535565
Ni79Fe13,1.6859017028698549,0.3096760681036705,80.96846485462157
Ni63Fe25,0.8270477451700455,0.3144844747336557,71.05041641383053
Ni64Fe17,1.2821630733035214,0.3215124675322567,72.97038679210041
Ni63Fe17,2.438824644670575,0.33332704716824146,60.93447278380173
Ni70Fe25,1.016266865402255,0.23619704410265924,67.78729347825147
Ni62Fe27,1.8134733290825844,0.21377336366422775,61.01029211623392
Ni64Fe22,1.1503801284493897,0.26643974931882275,86.37557317803743
Ni58Fe24,2.0469462513732015,0.2242344846875255,67.30190049655592
Ni62Fe10,0.7617473214366997,0.2702148333600466,76.72011508719024
Ni74Fe16,2.4396420901570894,0.2911171725287649,61.16937961983391
Ni58Fe10,1.4075790827672785,0.28768100369842736,80.00542173916975
Ni61Fe17,0.9721009266929279,0.22491057740402426,69.69082037262282
Ni73Fe20,0.6469934946600253,0.18337204033975055,86.93757560872997
Ni68Fe26,0.8395158101750815,0.2361058676924415,86.64354566802108
Ni57Fe12,1.5395478971120353,0.17851882881638173,69.75871855085244
Ni52Fe10,1.1740063528625726,0.32801940703676163,87.02882687071404
Ni76Fe14,2.1577667317652187,0.21917549214757148,89.88473020496336
Ni59Fe16,1.3617750473236119,0.18089194944466475,84.76246992371844
Ni75Fe18,0.9974285451752598,0.15508955198115018,85.34614043265687
Ni77Fe16,1.73428997320806,0.2791644772572969,67.4702620832727
Ni58Fe17,1.9135544337708916,0.27738046349094864,77.30107196573269
Ni61Fe11,0.8340838158018997,0.2181208333162583,62.017677419021034
Ni50Fe25,0.8352384325766353,0.1643423777695302,62.84753810465009
Ni72Fe14,0.5733428538670859,0.2319257789790464,89.96677836099872
Ni52Fe21,1.972804030131281,0.2122434990126787,69.79917748277732
Ni57Fe12,1.8276090552436102,0.2854241279470019,82.44551736146539
Ni50Fe12,1.4492617514996278,0.27115584989053804,84.19995159080449
Ni54Fe24,2.188340897938394,0.22291874563950798,85.74069813021688
Ni63Fe12,2.1113403059001064,0.193578510850998,89.9288489220647
Ni50Fe14,1.6707087287935043,0.3476071932311183,67.24489455770603
Ni75Fe23,2.2365425610265173,0.24080032423922296,61.21052480579099
Ni56Fe18,0.9116824200735365,0.2876548471560474,72.33574553983757
Ni64Fe24,0.7238392387954558,0.17811059351567216,63.90242009486841
Ni75Fe19,1.0394992230339792,0.24711793993187953,60.67277667486165
Ni77Fe22,0.6141737121786297,0.1555073439738931,70.81280481424459
Ni68Fe16,1.562339056002064,0.25109102358208996,83.51214753225709
Ni66Fe29,2.373211384589923,0.34280348142354045,76.98542073675213
Ni78Fe13,0.5786870813370193,0.22684134259716005,69.38333967631063
Ni79Fe14,0.7442198280200536,0.1577992025149823,79.63026016478159
Ni72Fe16,1.4043980565668706,0.1561911581838687,66.96054540926433
Ni62Fe24,2.36775003505581,0.2275973519893739,60.43144338216255
Ni60Fe13,1.132312209953501,0.1820049872926388,82.93060159309282
Ni62Fe16,1.5144696173767849,0.15467041926563718,78.71229254592028
Ni76Fe28,0.5831457181007842,0.3012427227900354,82.86907873502881
Ni71Fe11,0.7966864019241777,0.24170460177637812,61.16814050062997
Ni59Fe22,2.473260245917694,0.20784895439453088,85.11358883491957
Ni79Fe15,2.4302373928720913,0.3300166366032961,78.5857860010891
Ni77Fe21,0.5098799618688192,0.1732277920401051,76.9018605213792
Ni61Fe29,2.403623570846478,0.3411837657910638,78.73842144343595
Ni79Fe20,1.7782398756310007,0.21279334347547055,85.93299740605093
Ni75Fe16,2.2358365890400442,0.32768073446173623,77.60809519676721
Ni79Fe10,1.4094797112677182,0.2705885752958923,77.42851139664538
Ni50Fe29,1.5311920571585005,0.3153414719482975,89.72037471197297
Ni62Fe18,1.4776931605138404,0.3468026326420928,82.70190501205704
Ni52Fe16,1.8337285150922087,0.20768108756374914,73.26881416353406
Ni55Fe17,0.7793025095126258,0.34222709708151855,81.22191000098783
Ni76Fe18,0.5599471797453559,0.22789637898048407,71.67691415075366
Ni79Fe14,1.1158598831823818,0.22710238094738444,66.86626387450497
Ni50Fe28,1.9093615254732934,0.21807742085090112,77.90555630663277
Ni59Fe21,0.9037069042458967,0.258281521469517,87.84546294341854
Ni73Fe24,1.8468648666498346,0.1808290086356974,87.87418560046387
Ni76Fe18,2.4398240922145407,0.26074229707160224,70.2571583431647
Ni69Fe26,0.6878014315788368,0.2583409624820008,75.83032398665085
Ni79Fe26,1.8452042364502526,0.302380362520974,66.34907695709583
Ni75Fe29,1.3875004386091423,0.3167299923875171,89.8689332849665
Ni61Fe16,2.236284508755011,0.23808827006248479,89.43353723603806
Ni51Fe12,0.8542995788947718,0.21046664987029873,79.48526789122342
Ni66Fe14,1.885251904452329,0.2018669794634189,84.1324217903242
Ni66Fe26,2.17623057929622,0.18892476734097438,81.45300483851099
Ni76Fe26,2.3892284389480465,0.16152951643980498,77.79474657118405
Ni51Fe11,1.8664960565792916,0.21848959576694266,61.60043990966693
Ni77Fe14,1.4943495280168546,0.20404953842615664,73.64293027657983
Ni50Fe10,1.7356944804024277,0.34328347717328145,80.24358906502232
Ni68Fe11,2.2378099689574364,0.2615417652500088,80.32594841651054
Ni70Fe21,1.6412194932776594,0.2194554078061015,71.19367855267151
Ni75Fe15,0.5607741193936737,0.26609352019873916,88.25075959974092
Ni72Fe13,2.3618973910139553,0.17783934026913908,65.02071096710343
Ni72Fe20,1.8790535020631223,0.23880874984044057,75.01078338646681
Ni73Fe26,1.853026771554493,0.27524686428421274,80.72651929652469
Ni55Fe14,0.9313503047954343,0.24777956635849024,80.91407417675427
Ni69Fe11,1.8177709404653144,0.23035576013086484,79.45916870306446
Ni55Fe20,1.287728811308317,0.3487696777799396,68.2586464035558
Ni65Fe25,1.8024659540829842,0.3260629524297854,64.68619706059866
Ni50Fe18,0.7131860606159814,0.274681191631888,79.07820980480133
Ni77Fe15,1.815690609206072,0.2638754722364565,77.97906348418313
Ni65Fe12,2.498827451541333,0.2741320959649168,65.38068030867723
Ni69Fe13,0.5964240777211121,0.19026242156448664,81.1541743671169
Ni68Fe12,2.4543483684426346,0.2290275486528637,73.6551597520097
Ni68Fe29,1.3138159214457412,0.15789190657817986,80.03281774809459
Ni56Fe29,2.2415069006745183,0.2451092074973653,85.12101239310452
Ni58Fe10,2.064770968116547,0.25860491679153264,65.0918528573077
Ni57Fe16,1.6340325219733356,0.1955499472206419,60.5743460399051
Ni67Fe17,1.976898418502653,0.3428057694331027,83.3730775918736
Ni50Fe20,2.2570311226026956,0.33189092218744837,78.29092275457847
Ni77Fe27,1.308280643302066,0.29442864709118116,80.98918708866366
Ni72Fe19,1.1540663231264774,0.2566773257530725,85.14464924965928
Ni52Fe16,1.8351867711271694,0.32399383192953696,84.08432804473502
Ni77Fe25,2.1156918838825174,0.17613046876469257,88.82760440786474
Ni75Fe25,2.0245702695532315,0.308101958854977,76.07805236556355
Ni74Fe29,2.095627297717269,0.17496416279336965,74.65486897979716
Ni77Fe26,1.371166629625866,0.3088421325098811,72.0566159967219
Ni51Fe10,2.1356684323500432,0.20515351365027137,64.61073128532614
Ni65Fe21,0.7404181107412169,0.32541811620363775,77.17821698646067
Ni54Fe14,1.588978195921699,0.33880841876507956,68.31037572977937
Ni76Fe18,0.5115173209962431,0.17975919388102313,87.63922536638927
Ni58Fe12,1.1491716598005406,0.24253512101307867,77.49572412831293
Ni68Fe25,1.2329230697427958,0.346197475632537,77.7852054152433
Ni65Fe12,1.2923453832185108,0.2466814871946293,70.6477398263103
Ni69Fe10,1.8909344133797243,0.32270950450290903,61.55968055933123
Ni73Fe29,1.2771162025406915,0.26774630442626396,60.95231296118966
Ni60Fe26,1.3973872452450613,0.22506598158392035,72.70005432459592
Ni57Fe13,0.9750882617486549,0.20715671110517403,62.53696134291714
Ni55Fe17,1.2465035832586802,0.19064461821721745,78.20540866620418
Ni69Fe12,0.954539254526303,0.30235963827553947,86.42919016918972
Ni65Fe12,0.6463918475368873,0.22730810136460555,86.48744449556166
Ni74Fe27,1.7068971867627558,0.2522550924401502,79.77136230396697
Ni63Fe27,1.8364255971100325,0.24846509600023636,66.33695494418794
Ni51Fe12,1.738980692019229,0.2654558058466262,85.88990494076616
Ni65Fe18,1.4269880876011447,0.3231154291249104,86.58280305939624
Ni53Fe10,1.2595715603584596,0.34614786871668585,65.89960754858876
Ni53Fe10,2.2266672991436502,0.2315168417147634,82.12278257312032
Ni63Fe25,1.538163570272436,0.3155037844212606,68.59558646781369
Ni69Fe17,1.458363755259462,0.3029055589309435,84.07920937058789
Ni56Fe12,0.5512841316128714,0.26470579029111463,89.91713699710809
Ni66Fe10,1.1824956552523127,0.3412094287223866,60.90078015988178
Ni65Fe21,1.2603912375717141,0.19009490310568056,86.92097597372796
Ni76Fe28,1.297645561793801,0.17185284206192428,78.67891600795974
Ni71Fe23,1.6603447384546646,0.3207923933910844,89.20147857494463
Ni79Fe15,1.567205093453757,0.23782996332674966,73.95028552579282
Ni55Fe22,1.7158101855868892,0.3193937708414121,85.42163791714121
Ni68Fe17,2.0297665230842563,0.328618041039083,61.871822057948314
Ni76Fe11,2.125971477432187,0.1624915187238143,70.05837150234888
Ni70Fe10,1.9362461524529888,0.3266929525972121,62.010496132536296
Ni77Fe24,2.4110473919098694,0.2396638110738844,89.26029400437211
Ni50Fe14,0.5364651653527233,0.2520864978008464,84.5092172181551
Ni77Fe25,0.8915559713670922,0.27531850221864207,85.57642263737911
Ni68Fe13,0.5151257499562842,0.3352765213460173,88.13895694301682
Ni52Fe26,1.794949428309206,0.1538232188859528,62.55310458359356
Ni66Fe21,2.296061097899974,0.2453686936635634,71.5679277754
Ni77Fe23,0.9869645931525985,0.2875444084861121,62.131046671320064
Ni70Fe15,2.3540690895926133,0.29454139153964565,66.32379304650085
Ni52Fe18,0.6205347805791217,0.2885064863074216,66.88097331113018
Ni54Fe26,2.3688720536110286,0.17688702588162436,74.07321633142736
Ni63Fe12,1.2032453744792688,0.20987911767433623,68.05686502360928
Ni77Fe10,0.702841656898433,0.22174310508340267,63.029343204532836
Ni69Fe10,1.4717435183726513,0.310887441535901,65.02473267282323
Ni52Fe27,1.0135531354410159,0.2057519744829106,64.41826690656274
Ni74Fe19,1.0697458039238457,0.19214099277344063,89.19230393736895
Ni71Fe12,1.1145799298525731,0.3414896038076192,82.7787752075542
Ni57Fe23,2.106051795665327,0.15177265702269377,89.03284395808686
Ni73Fe27,1.578322553350509,0.3495641711363956,73.19221459523726
Ni64Fe11,1.1226153983120073,0.2853642597714791,68.3510544498797
Ni76Fe19,1.7206675666218367,0.3156938598898234,83.9487959162756
Ni51Fe26,1.9323013484463871,0.2089238792692386,69.7876175412344
Ni57Fe10,1.0452480014670675,0.15286305553341198,68.98150121116045
Ni58Fe20,1.327098203050703,0.29757390371230596,66.97517976623493
Ni71Fe25,0.7437721866738951,0.31682891940013513,63.89036934672706
Ni56Fe19,0.8622986990693606,0.29809522639070385,67.69389183050298
Ni72Fe12,1.8622357079299656,0.1785700574601677,70.65959245421664
Ni67Fe22,0.8628766953912539,0.3006855844513938,80.21982624437192
Ni77Fe16,1.5503267673341203,0.3037845564215282,61.87694526658355
Ni74Fe13,1.9180925234448654,0.28170810313401096,66.31520818996029
Ni62Fe29,0.7137538461894877,0.30322318655911723,84.27070920875029
Ni50Fe17,1.634624439257807,0.31918428793554643,64.40765770751312
Ni63Fe25,1.0131255674027275,0.27272082284749166,70.27935439567565
Ni63Fe21,2.4258537504751594,0.1677209427939358,85.9397676557442
Ni68Fe24,1.4670912934398495,0.24752556193344216,64.64775933430327
Ni77Fe11,2.111985099550316,0.165529866934321,62.4821050685457
Ni51Fe28,1.6004530843125235,0.23150860620648617,74.53613985240032
Ni74Fe26,0.5868250657096383,0.23142129782512552,69.07258533835609
Ni69Fe19,1.7663027511880447,0.1632019688280483,76.90225093451562
Ni55Fe24,2.402806684413314,0.21976410679389585,84.11414671450426
Ni71Fe20,1.7032236402926624,0.17219961975826295,64.1144546445823
Ni77Fe14,2.1383777188535804,0.31164704200184445,77.42097253662855
Ni50Fe17,2.268412926696816,0.3395376051928941,75.16526281169592
Ni70Fe21,0.956159543897865,0.16446329505158772,64.32236358039599
Ni61Fe14,0.9240896798164533,0.3410230414583403,78.71995456586947
Ni56Fe13,1.7219619777019834,0.254515319867349,68.20921253582316
Ni55Fe22,1.3220569396134094,0.20991313559077476,74.63502955632038
Ni69Fe24,2.1797226057334407,0.1653724150552327,62.46816972831186
Ni52Fe17,2.3000462467960223,0.25012485361408354,73.78752171640869
Ni69Fe25,1.2068427586054362,0.30890310889814976,69.19390404128461
Ni62Fe27,0.9737411179489641,0.2914172954533396,84.67143633556063
Ni77Fe19,2.0610510304877234,0.16004520229279476,61.70936180992105
Ni79Fe28,1.0496120710962722,0.1645803670735807,72.5582182475499
Ni66Fe28,2.1452286370273566,0.23057465652652742,73.75294272394314
Ni77Fe14,1.3474765072975257,0.20905809880958864,81.75018228897356
Ni75Fe18,1.835099798582941,0.19647686461120956,77.22862725270633
Ni61Fe10,0.6910706276693364,0.20620089978174272,80.01637011582542
Ni75Fe10,1.747718649353146,0.3106965486593769,83.31147856955269
Ni64Fe11,1.4035353574744582,0.33584561072637076,85.86608920974567
Ni79Fe25,1.6732169263509482,0.23102053890551327,69.41626490167411
Ni74Fe17,0.8360284154897268,0.3312222004264994,76.1406811609171
Ni62Fe10,1.9737474898883642,0.2142991402495764,85.203242353176
Ni65Fe16,2.225594155086457,0.2452873972687583,89.68353392895169
Ni54Fe12,0.9334796001815513,0.19520579956319994,86.6855793313129
Ni61Fe25,0.6914291110403235,0.2780952084351688,71.1440178787313
Ni68Fe14,0.5472771720926728,0.34579622303496177,65.85499551655951
Ni71Fe23,1.783943000886532,0.2706986192086757,74.68177612219766
Ni77Fe14,1.7141880721775615,0.22156281682270976,82.24924355508126
Ni64Fe26,1.59339482542814,0.2795634891981057,74.77707212259892
Ni79Fe23,0.9638941922319508,0.1745841356930775,74.49542589941005
Ni79Fe29,1.2818119918110293,0.3277318160530797,85.14691263245402
Ni54Fe21,1.688952670372346,0.2506167901559673,70.84211337201559
Ni65Fe25,1.4935337177183388,0.2398699484079284,85.79384024434937
Ni70Fe16,2.4755710404297746,0.2671729576907038,72.20414402855171
Ni53Fe10,0.7728795051134663,0.2749567725578805,69.84699317035017
Ni79Fe14,1.8902891080951876,0.1643551612453026,73.61969733599096
Ni72Fe19,1.3086375362085843,0.28652344424468046,82.87340876024605
Ni71Fe14,1.3563992298512295,0.1983863360631059,63.780060835919826
Ni53Fe11,1.9351955313163525,0.292790526501318,65.89257647616053
Ni69Fe19,1.8848723026487393,0.3145069588768393,88.54334476989276
Ni75Fe28,2.4825119874043766,0.31079170151050406,65.26474882144072
Ni75Fe10,0.7567885789082505,0.2605001934815778,77.03181953793164
Ni73Fe14,0.7082192987683327,0.2540339784621502,77.37943399985814
Ni62Fe13,1.9486776342574823,0.17857519226788232,74.68873386150734
Ni65Fe25,1.6567738340128182,0.30506923008062714,79.34235745730456
Ni72Fe11,1.0483213331196117,0.20428187608934287,66.89480177392855
Ni66Fe29,0.6588387379779732,0.24933908456358927,76.57986803330245
Ni73Fe21,0.6713164991928611,0.20685481858550334,71.1651976574069
Ni67Fe12,2.2883817493282366,0.1767656725999386,79.85001778887568
Ni77Fe10,0.8837346494374858,0.27591153937834734,64.23670630119449
Ni50Fe28,1.1467431242310415,0.16086640696458077,77.12632250518429
Ni60Fe14,0.953312804453976,0.29972904682524,65.55811066149971
Ni61Fe12,1.2099926116638746,0.21351735905222333,68.35929189345109
Ni50Fe10,0.6388476854921867,0.15002693860089705,66.5612940097075
Ni57Fe19,1.5381195818165407,0.25222582784744596,65.48513339606451
Ni60Fe21,0.6352251271844298,0.15937038170552062,84.77132854682
Ni78Fe22,2.100713015644723,0.2052339115641799,68.57122702982672
Ni61Fe23,0.967424163820866,0.29139529749114323,87.81371345593348
Ni51Fe28,1.5800238292090212,0.16253792432437317,89.09779576035572
Ni67Fe12,2.2601581751229167,0.31786769847120044,77.13781409811293
Ni72Fe26,1.8017547380943884,0.1507639845317166,64.2900336799718
Ni75Fe17,1.5659155731026706,0.19936477384038043,71.23644730138744
Ni78Fe19,1.1486675062307512,0.2981808112304143,83.93196790044642
Ni75Fe11,1.1660038261163959,0.21325402994586135,71.02172186091211
Ni68Fe18,1.8389739103963803,0.17037847761320268,62.61051654908366
Ni56Fe13,2.488278722442335,0.22204678376008558,76.70354732784564
Ni75Fe27,1.8236783796987572,0.2040786572769051,85.35362554488104
Ni62Fe20,1.6155668347400498,0.31854238043211097,83.87779161430507
Ni78Fe13,1.9613010204784922,0.2126695835170286,65.2536942039106
Ni74Fe13,1.4304112245674363,0.30778649435520145,80.182938432374
Ni59Fe14,0.6202846852015704,0.3283744289621469,66.6151279030694
Ni58Fe12,1.6245936317558196,0.23676348391530588,66.54622603656517
Ni66Fe12,2.4152505690107606,0.33198862877087837,86.22215319915556
Ni65Fe13,0.8506058847153193,0.22546361079263855,67.4900685822069
Ni67Fe26,1.8800097816413315,0.3428156832980216,67.89742039554034
Ni56Fe14,0.901867377318113,0.16785790490511457,60.019601722838985
Ni61Fe26,1.5716553689461625,0.28740385330064855,86.12007102376553
Ni72Fe22,0.6933528992934392,0.24876280809138573,83.77784439627405
Ni72Fe12,1.4007418725163703,0.2275297610911294,78.81986805272034
Ni58Fe26,2.012326657790492,0.2765423757497202,82.50797291816527
Ni66Fe29,1.1951430484779642,0.29077141832686626,64.56145702273476
Ni65Fe22,1.829823448974436,0.1508726539300618,73.74970783762726
Ni76Fe28,2.0908999215794584,0.18339061774943974,70.53658162046342
Ni66Fe13,2.3543556389589053,0.2926092101268637,62.813295787710494
Ni61Fe18,0.9692841637109071,0.2832770827156413,74.58391455644772
Ni68Fe21,1.2986318316186163,0.34320950102573544,87.62218951027906
Ni58Fe16,0.8048320266608349,0.3022075580501566,61.20177357152083
Ni77Fe23,2.4849670043167507,0.34015454154626756,68.74382740481381
Ni69Fe28,2.354001935848591,0.2905081003069614,66.2262280861711
Ni75Fe24,1.5799142605611192,0.20961044172788862,67.14439960997089
Ni65Fe14,2.1840665887528425,0.17107298445017127,87.25303655638126
Ni52Fe21,1.5419159545440844,0.3063647726689871,74.0420716270287
Ni74Fe29,1.7471713760055194,0.2788298442951832,73.98898238819456
Ni76Fe13,0.6782488642320332,0.15963720247865923,82.81726927365847
Ni70Fe25,2.010540840993616,0.22201009318019566,64.63476612014777
Ni74Fe16,0.7554269672704697,0.34135996309685723,74.61796062300152
Ni62Fe19,2.152135260505057,0.2500802291420402,72.8995564236318
Ni75Fe16,2.064056175340772,0.2365458272039409,77.90732071639968
Ni63Fe14,1.9174893954859529,0.24153992103185878,89.98673109751316
Ni52Fe20,0.5723207610495242,0.19177654480103273,83.08346682246142
Ni60Fe27,1.1062567118906572,0.22374143417295903,71.93597109052281
Ni64Fe21,1.0262251398216857,0.2239626511974353,84.8265915682214
Ni58Fe19,1.2202728149430382,0.16047100403749448,65.1212508993744
Ni75Fe21,0.6752854935276771,0.30351352570358364,60.9139105892688
Ni66Fe15,2.373915646062126,0.23330088638077578,66.1334511739282
Ni56Fe23,1.6076044814247525,0.31443597736328466,70.2123466834278
Ni62Fe17,1.111048621316047,0.32006960022397907,75.31742272378679
Ni59Fe18,1.2939630341485668,0.1923988109397316,78.45387421623599
Ni67Fe11,1.3944050810096713,0.28147069643402567,87.31817151643266
Ni54Fe14,1.7011886667212346,0.2444563608325963,75.29562028651372
Ni55Fe28,1.5313588553929955,0.32603134758429697,75.03826933877188
Ni57Fe25,2.3387839464288347,0.1931481358352908,61.50729029468946
Ni62Fe10,1.4939269658116605,0.2855626400620088,61.04734657968672
Ni71Fe29,2.4843160296466253,0.2715504244505445,76.53479885749115
Ni66Fe16,2.2028499154901917,0.20906029551436656,73.14535839745034
Ni74Fe22,0.9170210287146716,0.1773201807302345,85.17541184940896
Ni53Fe13,2.3611904292878325,0.2803279520954553,64.82038754135536
Ni55Fe28,0.7327327957709522,0.29771949162646616,60.74914986351149
Ni78Fe21,2.134899416982383,0.21312546875267,73.47116303790378
Ni71Fe16,1.2612465869531602,0.2789665208044627,67.12435670256772
Ni76Fe19,2.2559486408901392,0.22902618152230064,61.488431200165124
Ni75Fe28,2.236113380214901,0.29264137665652357,81.73794860542887
Ni56Fe12,2.111850800235242,0.1898430549788106,63.347789998717424
Ni62Fe22,2.0800608726141228,0.32804300052723484,78.24958500023315
Ni67Fe29,1.1093582781960816,0.20748191929311594,68.43149250500667
Ni77Fe17,0.6618385661025044,0.22355719755123057,65.20488151065067
Ni78Fe18,1.305960357530323,0.16161839041606996,71.39254568757953
Ni56Fe10,0.8470490299730173,0.17230244246425527,84.0433732866886
Ni52Fe22,1.8899021778049234,0.2531723805424656,71.76280730713718
Ni77Fe26,1.192199453075571,0.20351853534559428,82.52308947633168
Ni74Fe10,2.45122040171983,0.31709604514843887,63.76458890397452
Ni55Fe15,1.781944154690664,0.15293867773099076,83.18314258995238
Ni75Fe21,2.144961127268722,0.22581880973438723,67.10799974719946
Ni62Fe22,0.7650493454836969,0.21746910935381852,80.32179389666618
Ni78Fe24,2.224028964545245,0.1538655261835202,76.9734466452299
Ni70Fe25,2.3455143810267884,0.17487367980010204,87.87434151635063
Ni71Fe20,1.4741238376378718,0.23272853498372703,71.61967553925942
Ni77Fe14,1.7125058755019549,0.2485729168894893,61.98495566503321
Ni53Fe12,2.029619601805991,0.23085794945097382,60.574664566537585
Ni68Fe29,0.8496772545208251,0.25618753568241875,84.8057568291826
Ni74Fe27,1.5051321529268848,0.26902633498113626,75.74206912984296
Ni64Fe18,1.2973260555446262,0.15198476422556711,83.25732155504848
Ni66Fe23,0.7927479843244982,0.24281903189070075,67.03276800034544
Ni64Fe10,1.2350688445830629,0.34269984817751764,70.35251236539702
Ni70Fe12,0.6363446187709871,0.25380645602590973,60.903116166339565
Ni65Fe20,0.551623813898974,0.28550845349179066,88.84476973722337
Ni61Fe19,0.7703325783096455,0.21237277158337664,80.0360372010244
Ni65Fe17,2.4262302231783477,0.3047982756305525,87.99615263277919
Ni55Fe21,1.599059071790034,0.304584296375223,67.96489222287217
Ni73Fe17,2.4316443223064397,0.25425920953082776,78.34390833676983
Ni75Fe13,1.364995756660264,0.3452027646558427,80.35499904877913
Ni75Fe17,1.1236322661705191,0.17511004295253066,69.52649100772766
Ni75Fe27,1.5122837256804882,0.1533895329779162,85.44327705046891
Ni77Fe14,1.3790233772658202,0.3040316423514192,88.41484388700744
Ni58Fe13,0.7113293685234878,0.31143110747297653,86.54565353088013
Ni76Fe26,1.7816526293804125,0.17404144582411524,82.17200927818118
Ni58Fe10,0.9320763650191992,0.2031165665917212,68.32394039174862
Ni70Fe29,1.7391759097956592,0.15351047267332577,68.44848126316896
Ni62Fe25,1.8004021847963068,0.20866172215611292,88.90080961338114
Ni78Fe22,0.8040497062572962,0.3046283747837343,60.30853487807076
Ni63Fe12,0.6226992542213363,0.25359210554251577,81.48149919726433
Ni78Fe15,2.0615231721368796,0.2196191186336576,81.18738487665786
Ni67Fe28,1.4196008475386404,0.22434785898126605,78.68068622849393
Ni54Fe24,0.6163275910109516,0.15027072514309361,89.70326538260598
Ni74Fe11,2.4897326343395343,0.20996010551304717,69.35638307291175
Ni59Fe27,0.6155611219927333,0.2792917483275861,70.19915591379744
Ni76Fe22,1.8900704577171064,0.3448388887632714,62.368182088396665
Ni54Fe10,2.4673578505268274,0.31941216539677986,73.28394409631213
Ni71Fe10,0.9783602084318512,0.15471899292910582,67.83145578704544
Ni67Fe24,0.7844987373743924,0.3297121209349678,70.30160106532932
Ni66Fe20,0.7427698788448578,0.3066396826597252,85.03715370766884
Ni70Fe26,1.106550295135191,0.30607522471419607,88.06453540582487
Ni62Fe10,0.7020916220212934,0.24159915180071428,65.57199216015557
Ni51Fe18,1.8843226833882638,0.22960105859090055,71.17526794660398
Ni52Fe10,0.6245835962601254,0.2105831457666385,87.85891686346181
Ni70Fe25,1.5188442562995794,0.16313897179087314,61.85425382067668
Ni72Fe15,2.4933937077059536,0.19564707269873982,62.77081584334135
Ni77Fe26,2.1279405390120374,0.1993207269956049,64.88372967618687
Ni54Fe14,1.7304388764620218,0.24681541394204032,77.85638502380624
Ni55Fe12,1.1125072415732233,0.2994888813193388,64.51416813017993
Ni70Fe14,1.747791672583277,0.2447619656795893,89.042291443522
Ni70Fe14,1.5540829278233033,0.1615688898894321,73.40143581775561
Ni59Fe19,1.352166767780743,0.34155796019764073,75.045538810505
Ni68Fe26,0.761420753480399,0.33854486381882243,67.3997584741622
Ni70Fe23,2.2732084304809335,0.30703790862968167,74.12880757304201
Ni58Fe23,1.399569297642645,0.3482655803128441,79.85740897911035
Ni50Fe28,0.8892450236415301,0.25889646656005255,82.53531410862128
Ni62Fe22,1.2355187017545792,0.3425536700506412,82.6160424812974
Ni53Fe10,1.328259505057854,0.16512100812335015,77.33673338082265
Ni66Fe17,2.155075791133749,0.22313614965227424,87.13079324981572
Ni51Fe17,1.967228761122804,0.19507625360135317,84.52223541918329
Ni56Fe11,2.0386097872826796,0.18916661682685398,82.71144344095876
Ni71Fe12,0.5220625288572944,0.17816058977853522,61.66816565041382
Ni76Fe27,1.332307996359523,0.2744827283131993,60.206338866589476
Ni61Fe10,1.4626883032706472,0.30626437114946103,66.37341831586419
Ni71Fe21,0.5383845536461134,0.26565967988407213,79.90570781740357
Ni54Fe26,1.0196264174900684,0.17939254191764192,72.33592466647637
Ni65Fe24,2.0205796462442702,0.31222475398669414,72.07218777897936
Ni72Fe24,0.7742194114579981,0.2771909414327457,86.5376066468884
Ni54Fe23,1.5706202629051833,0.2276331412253991,86.86688544395517
Ni51Fe20,0.930403744034475,0.2848260591072126,87.27525792160758
Ni68Fe16,0.5242415492877865,0.20198099584856655,69.41634229545082
Ni55Fe11,0.982402915199083,0.2190384416988421,80.73167438217786
Ni55Fe27,2.4517475098201076,0.333497168626398,68.14899543823108
Ni51Fe27,2.1030742237659794,0.20810090113428406,65.7182949922335
Ni79Fe24,2.419153288642067,0.24399765363158732,65.53897372042107
Ni76Fe28,1.475708087852725,0.3280282274792029,70.26322862590783
Ni51Fe29,0.719472397355007,0.29154427005350547,72.89872859339465
Ni74Fe15,1.595918977947386,0.16244064523294055,84.92847513165205
Ni50Fe24,1.4087546691199218,0.17946060885579407,63.596732804181364
Ni77Fe19,2.188714165479232,0.15156831815438335,82.04777542184682
Ni68Fe26,0.6961651615684892,0.27618435804583263,75.94364742567916
Ni54Fe13,1.4764822740435564,0.23953468508208364,68.63836028027977
Ni59Fe26,0.8000973293879685,0.1768549701804551,74.78458753598474
Ni59Fe26,1.14935185378012,0.34158682421135406,68.99826209331067
Ni77Fe29,1.9747141547755993,0.25593194478912396,77.88245865714919
Ni73Fe14,1.452036258737533,0.19837865882257782,73.01531768565732
Ni51Fe15,1.2517765702915387,0.2501207142309415,64.93216587236637
Ni70Fe11,1.2889525571400706,0.2859240665470215,63.4974922366709
Ni62Fe20,1.4188935368119733,0.1652478435947129,76.40087046216391
Ni60Fe25,2.0700330876741138,0.2049407630095784,87.0723909985831
Ni60Fe28,2.2841693778804686,0.3113930981767987,70.31873059673056
Ni64Fe25,2.4106693730078566,0.24193297408053221,81.9900032166787
Ni60Fe25,2.07380677251059,0.25931542840645894,79.759840648193
Ni57Fe13,1.1308137914960255,0.23656320044189383,87.94664742928443
Ni57Fe13,1.8762694121730843,0.158779988528601,84.62943051897423
Ni73Fe12,1.3752062481107838,0.18314995596403116,76.99815776716389
Ni52Fe27,1.0093412440921024,0.23910832774837815,79.71091494702321
Ni78Fe28,2.1817431588518454,0.19183709308158556,86.95159399752104
Ni68Fe14,0.57685269792465,0.15999580573193575,71.98556353760804
Ni67Fe19,2.3035239842708473,0.3187299328103647,69.80384117573333
Ni78Fe15,1.4229549292494683,0.3462385058328231,60.32433250905589
Ni50Fe14,1.7744029536165609,0.3086285747993479,84.79653222574393
Ni58Fe21,1.8187078444115654,0.32075698434093336,84.02942101210095
Ni75Fe23,2.290235481413073,0.19839542606340907,63.133635543004544
Ni51Fe26,1.7733393643344146,0.34212539510263995,77.305721433981
Ni63Fe22,1.7278671695201235,0.18938514089068567,73.91945094500662
Ni76Fe18,0.6333040811213799,0.34028596207236644,63.561272865273345
Ni75Fe24,1.5368160438904082,0.3489638587931902,89.4170468118217
Ni74Fe24,0.8003380016340833,0.2923445611492097,66.44087662390066
Ni73Fe20,1.9748675374429712,0.34622874635836437,62.01702540271683
Ni65Fe26,1.524443841625349,0.2639079559134207,77.84542138505728
Ni75Fe13,1.8604555584167066,0.20190835663521806,82.16600031399098
Ni50Fe17,0.5833458012047685,0.23739917713312414,60.97330338141561
Ni66Fe12,0.6695840320916064,0.26871218707575717,79.76152916181067
Ni78Fe29,1.9326467761253645,0.164616312405403,75.96875627854364
Ni64Fe24,0.6441686719973467,0.2744686529234492,63.09795026625145
Ni73Fe23,0.6425134555305172,0.34623556735245886,65.17571630839086
Ni75Fe23,0.5242169504697749,0.1880215299567455,77.03922891948241
Ni73Fe11,2.41300279659896,0.30851902325767666,68.89072840539865
Ni62Fe23,1.975016718918014,0.3315797587559238,88.14947185953949
Ni76Fe28,1.2065028170041283,0.33874031856404413,84.56220688452152
Ni56Fe12,1.0930711625753105,0.34202712088108944,89.50701619540989
Ni64Fe23,1.199406459491699,0.2542919277442944,67.79012516851242
Ni60Fe24,2.049307062362364,0.3454615815983007,89.09170898393931
Ni77Fe22,1.8227412221408288,0.30146204142688776,72.93701609374673
Ni67Fe15,0.8703911357349359,0.18233428724739237,70.42556385941263
Ni52Fe28,0.8482186706681687,0.245380021293594,61.5104858090806
Ni64Fe14,0.6967912994267946,0.2936662350744008,61.58295773578808
Ni77Fe19,1.8206054394026763,0.19946806316381666,80.76033767839964
Ni56Fe26,2.028745324443472,0.27812303670977745,73.73786983302084
Ni56Fe21,1.030092856650008,0.2833200958093238,66.79564878108317
Ni74Fe26,0.5418899220618256,0.18253994876171317,78.41910918975698
Ni62Fe29,0.6643433349528547,0.26301706249055123,67.58574354750334
Ni74Fe13,2.4357200696900607,0.3043253821957215,77.32895263033268
Ni59Fe12,1.0908895549548405,0.24977913290718837,70.77626240948071
Ni58Fe22,2.038446295676267,0.15242062335522147,84.70656679835457
Ni67Fe24,1.7493271377085275,0.15180769381585843,84.62088482300338
Ni53Fe24,1.2638792793057918,0.22140586879400243,74.32051194367205
Ni71Fe11,0.9113745243911102,0.3352388136863564,70.52457328005048
Ni64Fe17,0.7427728363188129,0.19573535592072175,70.87679389677284
Ni57Fe26,1.7300259360777333,0.2768727377743374,84.17143577004654
Ni61Fe28,2.0492675612755757,0.1944151741386641,69.84538448392836
Ni59Fe18,1.7878085070822614,0.21433399793190971,66.27178121120538
Ni54Fe15,1.5606042664983166,0.31960841792029676,62.540650256259205
Ni69Fe11,0.5839024468632725,0.2957722884539894,74.00079362653226
Ni76Fe22,2.4369775551887676,0.16907985546264212,74.46396296759525
Ni55Fe14,2.097428383309149,0.2357404041972867,85.22726131208722
Ni74Fe10,1.0856440734019295,0.1558339527290529,66.63716089338192
Ni70Fe15,2.4599406587177013,0.2461780293206018,71.429738210052
Ni55Fe25,1.7037631792726442,0.2824868023402136,84.25217216681072
Ni53Fe20,1.664845316414493,0.1737005247196303,84.7087083224692
Ni79Fe18,1.9961463588590642,0.20777698778183312,71.53833227936305
Ni72Fe12,2.123539576180275,0.22956732510043137,73.77372069860043
Ni68Fe17,1.8129572146630053,0.3339062049312099,69.0985767254785
Ni54Fe13,0.7561914927324,0.3486510030845928,87.97664635257937
Ni73Fe15,1.1765350119889968,0.15898225979912317,63.55931297224741
Ni51Fe29,2.3561672806520995,0.30220158469907843,88.0124826900441
Ni77Fe20,0.9492312236877039,0.22434481328046862,80.5159935550603
Ni53Fe24,1.2443340476750266,0.228491637245896,75.94716458060194
Ni55Fe26,1.364153765888392,0.3008529946694045,60.979771823534875
Ni79Fe15,1.3788099793889044,0.3336852864290817,74.26788575466026
Ni68Fe11,1.725879164989051,0.34018571890050964,72.23244315008196
Ni64Fe20,2.3861516754894154,0.26542451720766413,64.83656435925367
Ni57Fe28,0.9813854236650099,0.22142423186010055,79.69228810501971
Ni62Fe21,0.7430027526018361,0.30750981717175585,89.13452722104857
Ni54Fe15,0.8949409797198746,0.20020027665246004,76.86566433193576
Ni75Fe13,2.273849800418539,0.2628148057667035,81.44259829331838
Ni68Fe29,1.791621625310412,0.22171569230497462,62.05351357698051
Ni50Fe29,1.0718135784783203,0.2813262147415752,72.53000987450984
Ni66Fe21,2.1318938779372347,0.19807978257870137,63.490754554934874
Ni64Fe10,2.222739992726872,0.18831858914696514,78.38387506609531
Ni75Fe23,2.193028677380556,0.3336478173350874,88.15446474642464
Ni55Fe14,2.337853067279109,0.17036073658990736,79.85333197414916
Ni79Fe20,1.0044820403467232,0.2511915815469863,62.30409144943265
Ni53Fe22,2.010083857492557,0.19417055659260177,70.63998614955248
Ni60Fe12,1.42107899454828,0.1577859926651335,76.51990138322554
Ni50Fe15,2.183997105780123,0.15720376365828528,72.09623268399757
Ni67Fe19,1.9569813543232264,0.18504435442116546,85.00932031425518
Ni54Fe19,2.0528948929994493,0.32335407090120005,84.44013014129968
Ni61Fe11,1.812323675362143,0.20649574879540533,78.35493060309665
Ni62Fe17,0.8548575389394137,0.3400918341150591,71.20373835398115
Ni51Fe29,1.5900538377938767,0.2663244585978387,67.66009121289733
Ni50Fe14,2.469339479049016,0.2373228379537532,63.17622954639388
Ni58Fe26,2.3747761329942376,0.2660177669338909,70.64693050459663
Ni58Fe20,0.5863474715940233,0.2533396770452535,72.39517551623159
Ni64Fe15,0.8296296314588743,0.30175525075146503,80.27468775312221
Ni72Fe12,0.7634575469091238,0.20649921319457043,79.7447947289272
Ni79Fe26,1.951959819970591,0.22061007832006047,62.10324418923771
Ni54Fe21,2.13557065971389,0.3288188605066501,71.85777946293473
Ni67Fe23,0.9270227326213438,0.33929130263008106,65.45336601652086
Ni70Fe20,1.511705385903658,0.3285116454972949,64.70438115950417
Ni58Fe11,2.1814060560224,0.2338895987914627,84.81906449211738
Ni61Fe12,1.9656030895325012,0.3060731006013763,61.257456501487724
Ni52Fe10,1.5844744109836966,0.24526714666021976,72.57548627706365
Ni57Fe17,1.6806953809175458,0.2495079704292204,65.04610967299554
Ni60Fe18,1.51672109383256,0.19093602181145677,86.37990647035423
Ni54Fe23,1.0950969026376411,0.2682260606517033,76.71121539825106
Ni77Fe12,1.6300439857180322,0.1872271795506696,66.94141909130545
Ni70Fe14,1.8777706041001814,0.21631293981343874,75.07281861499129
Ni54Fe28,2.246645831721615,0.321006040323987,81.94459079109347
Ni76Fe23,1.7725827079584962,0.19141516184217103,88.74354026758301
Ni75Fe13,2.022243074086316,0.16423165703468656,66.61338012736257
Ni74Fe22,0.820143269909146,0.16380151852256325,86.58545316388035
Ni59Fe27,1.4231149488395798,0.33815690410062155,88.02912342502471
Ni57Fe17,0.5186632396541866,0.2513840875923669,87.49261633596198
Ni56Fe17,0.993357729043246,0.23188241436340365,79.0624307058573
Ni63Fe28,1.9529234302260097,0.3121757162015837,78.89461963304123
Ni78Fe15,2.483619902698727,0.31716518558210316,72.09631899551468
Ni50Fe24,0.6983561991744318,0.2164382066231209,82.57193646911364
Ni50Fe26,1.3029886317225765,0.288723611494759,75.93882055052796
Ni50Fe24,2.100141937398319,0.30422456317037727,80.32314213684883
Ni72Fe11,0.9080712692577977,0.2809301373731909,72.85373711546386
Ni63Fe17,1.6101698986045725,0.18031901496001987,81.94489392129417
Ni57Fe28,1.9661425920593496,0.32517661670341136,84.73414552813648
Ni56Fe28,1.731970900520358,0.25781891054720174,64.39308769808449
Ni55Fe15,0.8760494692308323,0.20649448527400072,84.98789146722685
Ni52Fe16,1.2107691373714788,0.23504563708753878,76.20889595370922
Ni68Fe17,2.0675835689707944,0.15751421807978147,85.33997727270673
Ni59Fe29,1.6084530282640332,0.1755733602444835,72.93905119023044
Ni64Fe24,0.5104592270858255,0.3031093501031722,71.37121456149106
Ni78Fe10,2.0219815200561877,0.1500023269510732,87.45182197551668
Ni69Fe16,0.5706227098804781,0.23331316569645844,67.53507802645204
Ni76Fe13,1.9914675654624643,0.25450203621711764,85.32636975858429
Ni78Fe15,0.9049611203304748,0.16092688400019445,74.52061717528213
Ni74Fe10,2.4161469602387604,0.34461563259446654,75.4228632765378
Ni78Fe14,1.235881502604169,0.19522506624993438,69.25404844468451
Ni76Fe10,1.1538632326761582,0.21083974392725616,77.19126601857047
Ni79Fe13,0.7977761006648894,0.21078850245100544,69.75633588828634
Ni71Fe11,1.1112084309804298,0.19608333242346998,61.17808242724957
Ni59Fe14,2.2533015236564014,0.15029476441726228,68.15995816033069
Ni76Fe19,2.4926686752544946,0.2958689588175992,60.19137130219772
Ni50Fe15,1.2366190610136967,0.34336909995985704,89.35064361170569
Ni62Fe24,1.3972212619090851,0.194858696657009,88.97241629459242
Ni53Fe22,1.944141876405474,0.2826094383606845,71.85465892416914
Ni73Fe29,2.2723915609301493,0.298379265391743,81.85112563018939
Ni73Fe24,1.6860886683735683,0.3196850758181049,70.37418295231275
Ni78Fe17,1.2830513963556587,0.23452583940272181,80.13279471257928
Ni54Fe24,1.3252436816972475,0.21058618112808583,84.16290129137937
Ni53Fe21,1.8912362929936137,0.2150590268046062,88.40268734076722
Ni62Fe11,0.5064365272085574,0.29252426661970254,72.00636827549016
Ni76Fe28,1.7391786749196814,0.31335589330112723,83.49893948868143
Ni68Fe13,1.2109860208827148,0.18632279355132053,67.97785351896357
Ni53Fe20,2.0883946625541685,0.22418820163155304,89.70996911380945
Ni76Fe14,0.6859812796462643,0.33038803934982997,60.77308796293053
Ni69Fe20,1.676404533896781,0.3113387039389478,78.10586419503363
Ni79Fe19,1.4619457797722475,0.34697168055249517,79.78517944953981
Ni57Fe15,1.7846510518104548,0.3008496519364161,80.64136671222386
Ni55Fe17,0.6297071889659367,0.22863904020558445,63.61162736367267
Ni72Fe24,1.6599675748562626,0.2681275667989275,88.15589350419391
Ni75Fe23,1.6229691759190474,0.28220285084946406,65.43549837150249
Ni60Fe21,1.6213201888323419,0.16569116326342478,78.68260209719523
Ni75Fe22,1.7069753331929096,0.258899391820773,66.68028237369255
Ni57Fe27,1.8529358744527245,0.2918641656945219,69.21649251063812
Ni74Fe10,2.1099779993615395,0.18346426080021205,76.39375625184373
Ni64Fe17,1.0396414402564287,0.3061263434851114,72.5158025569373
Ni77Fe20,2.150098820360124,0.2667545561028223,64.80676802929518
Ni61Fe21,1.4965113645269073,0.3404443571395189,65.12809207262545
Ni53Fe25,0.6541165582686623,0.15848445964137833,72.544343644884
Ni53Fe14,0.6171018584879584,0.20306522751109338,82.71848934826502
Ni73Fe14,1.1684766373921216,0.27031077585996477,86.93893940543366
Ni57Fe19,2.069793954222935,0.20931198244118612,62.52382986778149
Ni66Fe18,1.9153618694818315,0.29288483281424843,71.79311722678203
Ni71Fe28,2.0772299293448127,0.30180105650438616,63.0073669116863
Ni78Fe23,1.5345381128832187,0.17050319281329487,60.49777441897794
Ni57Fe18,1.3803979959109811,0.2527708928413535,79.85156047931869
Ni71Fe20,0.7949050534125679,0.25177811111821113,78.07348325899764
Ni72Fe10,1.156385507218623,0.2238561540431082,64.89057341444659
Ni63Fe14,1.3680387323477505,0.3365849725139344,67.01438499279192
Ni70Fe23,0.6772008593592345,0.31550126397464423,60.71123260933555
Ni53Fe10,0.9412239054224225,0.2894418763819273,85.04841617083211
Ni71Fe28,1.6964505881274776,0.29286532714699953,89.24071788145655
Ni57Fe24,1.9713262284783797,0.24234322876262382,64.06378610384073
Ni70Fe24,2.4966950227858993,0.33419890421931514,66.94425641295895
Ni58Fe18,2.366226662687115,0.28891908545065703,86.05228571840803
Ni59Fe29,1.785130399070383,0.29579621233116327,87.79391393868555
Ni74Fe18,1.342496106588144,0.322338180757469,72.58882148420432
Ni52Fe29,1.7723547294164654,0.20481431786843818,61.51867416807222
Ni74Fe20,2.071303236160464,0.3114141807733406,61.181755010784585
Ni55Fe11,0.7366723818467746,0.18904812059129839,77.21849598207031
Ni56Fe27,1.3198097793925765,0.21906839044897755,71.78685326679538
Ni76Fe11,2.179604571271234,0.21712209085396852,60.859572827329636
Ni76Fe26,1.267665903866088,0.3457050936778281,77.4975717693767
Ni60Fe21,1.643744542454373,0.32130744474958534,60.33907609767068
Ni76Fe28,1.6755387217243964,0.2902339723180519,83.6211587444782
Ni71Fe16,0.8689525062672787,0.295411352323078,69.19298468110115
Ni69Fe15,1.2244708833045768,0.2624145588805142,61.207740090276964
Ni70Fe10,1.1690225774838643,0.3394181334217038,77.65056662949459
Ni66Fe20,0.5523934170641296,0.2492517505764723,71.93053243299164
Ni71Fe27,0.5483835277827105,0.2261035419739789,89.21401240071448
Ni70Fe26,2.1633940873515467,0.18260706738631818,76.32595987511107
Ni56Fe26,1.0461416199456248,0.3072411304522116,68.25717543111026
Ni69Fe18,1.5361575324776309,0.2968887864151183,81.28316593901924
Ni66Fe29,1.097451147177546,0.22687100770482696,68.14476007628134
Ni71Fe17,2.381358490230681,0.15503868279184588,87.12729874222696
Ni66Fe16,1.0185935177315475,0.3177994655436021,71.2416591152213
Ni50Fe22,1.3593136254778702,0.15228359669081473,76.49605688328616
Ni79Fe28,2.2454605009692035,0.29073995592581015,61.517193114726865
Ni76Fe28,2.1838671335836173,0.3440514219452114,72.78363713856692
Ni79Fe26,0.8722028356925546,0.2375322656296407,84.97090618982985
Ni62Fe25,2.105286619591421,0.19699468099919054,84.16946416090026
Ni57Fe28,1.4163737734757853,0.2909742020086763,66.72955676560579
Ni67Fe10,1.4659377441707104,0.31342562840311705,66.78237213031689
Ni63Fe28,0.7669599448318876,0.25928606321556946,84.5191593663971
Ni64Fe27,0.6612030275142493,0.3434070550512292,87.91195260507976
Ni51Fe26,1.9558786139475304,0.16033374433159223,62.86082763819011
Ni67Fe15,1.4929223047105995,0.2509591196609056,73.50175918278676
Ni68Fe13,1.373701405230359,0.29369078946451,70.12362836892687
Ni50Fe17,1.9590164573047935,0.32252809422983575,86.12065366372317
Ni78Fe16,2.0310257979822195,0.185851122381558,62.50574744040056
Ni52Fe19,0.8178163353387071,0.3100006963527363,66.33377827674113
Ni59Fe28,1.7204502989552826,0.26054141514370904,82.57405012759483
Ni63Fe11,0.7707081645553711,0.22931073639799263,61.538815469436464
Ni77Fe10,2.002750172058091,0.1763430057158187,74.77606142142868
Ni72Fe27,1.813910312534279,0.32305915178178246,73.2632110403916
Ni56Fe17,2.413229242166916,0.18145464163594305,70.03203536966245
Ni50Fe12,0.6379160327128424,0.21195757184181985,71.83716945956772
Ni73Fe17,0.6141094423025086,0.20800910639248738,75.89821760790699
Ni71Fe24,1.0643741493864003,0.32428280683817085,64.8410207516515
Ni54Fe12,1.023411367471812,0.2845405988417796,77.15987634850778
Ni68Fe10,0.9939575981439996,0.30933627943827446,84.16296987899959
Ni77Fe24,2.3125091610420734,0.20009357975849978,82.80482789370477
Ni57Fe11,0.9990923996990122,0.27497481992139977,64.61699714081321
Ni52Fe23,1.043899452257262,0.2643491966287497,64.47748409224421
Ni73Fe23,2.0187965248359276,0.31656607535765424,68.0452310323474
Ni60Fe25,1.39947968490108,0.3312174120962521,70.83224179023111
Ni53Fe29,2.053421113910362,0.15243135429547736,72.25366744225448
Ni54Fe23,0.6307323151287705,0.28480398381175853,80.39091650500036
Ni72Fe25,1.4751423873467686,0.1603671598239458,61.700412964975065
Ni67Fe16,0.5672272003665653,0.2597717330154712,61.04018112678199
Ni59Fe16,0.625306406910709,0.20752654580873564,71.75731688831726
Ni50Fe28,2.3128749066888217,0.21135531990442824,80.91491076413942
Ni65Fe28,0.7784907422351903,0.2205917006904713,65.80306028869448
Ni53Fe27,1.5648413645504342,0.274258489809922,79.24513443768755
Ni51Fe10,1.322191205201413,0.21680999313375382,67.79484413820899
Ni64Fe14,1.1946866525176854,0.2965398101180561,86.58258326440549
Ni69Fe20,2.299666691374545,0.23090547711477394,86.8706983279985
Ni59Fe11,0.543646793550979,0.16367064006199172,68.9186161284398
Ni52Fe21,1.8275793723511782,0.3067519684968214,66.89981261889722
Ni69Fe14,2.426788868427101,0.2071516649185412,72.33911916198694
Ni54Fe15,1.6203363669236839,0.2365533759198525,67.21594755540445
Ni79Fe18,2.3736449240661837,0.28708877664438026,80.1715152987511
Ni51Fe21,0.6045157585720475,0.2164912314297424,84.78194053644856
Ni52Fe29,1.3375866381483228,0.16131713122934313,80.19276392733651
Ni75Fe21,1.0203155819241023,0.22478420940256272,84.73051341748048
Ni73Fe26,1.9616419299614596,0.3388897165388607,71.90976486622422
Ni59Fe23,2.4625941809944933,0.2783468794597116,64.68950912126583
Ni72Fe26,1.0130601248884956,0.28429582973344136,82.13852842192776
Ni67Fe28,1.808349202948149,0.27645643072752796,70.81423515424662
Ni66Fe23,0.8961952655194803,0.18979842779188735,80.13812475687398
Ni58Fe17,1.6306605091432198,0.233666772820456,68.11931825945297
Ni51Fe22,1.4278649733766724,0.30018795967266365,62.43688904420018
Ni74Fe16,2.444010659263074,0.17027457951063182,89.7774538646329
Ni58Fe20,1.7170545453929331,0.20557055521794243,64.68604523791798
Ni63Fe13,1.1990127441736376,0.2052638216931707,89.65262981890443
Ni75Fe22,0.7281915697758667,0.23640378551890118,89.31839797699342
Ni51Fe14,0.8024936574698691,0.346073748188437,83.81454311724119
Ni60Fe15,0.9506338599024702,0.16350050933676438,79.78268886245993
Ni67Fe19,1.001933322680596,0.253740198876119,77.33421150753254
Ni53Fe18,2.2012321156822754,0.18587293640244207,85.98304636133504
Ni55Fe11,1.6224455765650498,0.3441353090819488,68.68318564858464
Ni66Fe14,1.5467818227487329,0.17266070094549282,74.03043637454631
Ni74Fe15,0.7295377437384349,0.23072020047231823,78.58169908099507
Ni75Fe21,2.22027938669887,0.2975769969669212,72.33571427608473
Ni72Fe19,1.9456286064169674,0.29091088560548906,72.82459362270804
Ni71Fe15,0.6353367238000032,0.23454572737878643,69.90854002506254
Ni76Fe17,1.9156701944595373,0.21930483359054365,76.92695450053608
Ni51Fe21,1.5870764346852921,0.2295224757105741,85.51723584045348
Ni62Fe16,0.6634506914935565,0.20285525263172785,66.04585134018939
Ni59Fe22,1.416601283057313,0.19106658774135996,88.03299116260324
Ni66Fe23,1.469392574260094,0.24660793951177798,80.67262961244688
Ni51Fe20,0.8315490803265515,0.20370675121352144,84.6981963804009
Ni50Fe28,2.3913962940005646,0.20749233297945002,76.68572077890035
Ni70Fe13,2.199950742961324,0.28135121269491137,83.3855010427219
Ni68Fe20,1.8380446746582166,0.3437074663399784,60.48601192018402
Ni57Fe20,1.4245911220012144,0.270727440111875,84.55141274338605
Ni53Fe26,1.323531083169017,0.16539589341299324,61.204165772561
Ni76Fe16,1.8019469343019083,0.16511672277081338,86.69740129088588
Ni57Fe12,1.590863738813811,0.3402846441691132,89.7588824171593
Ni71Fe11,0.6245462117637712,0.20945815806146673,68.82202386530334
Ni72Fe24,1.5250052975406634,0.16841339721649506,66.3095566885738
Ni73Fe14,2.112807234465679,0.2698089174300763,82.96090091574122
Ni73Fe10,1.4184797551939161,0.2747297556580532,67.5907902276076
Ni75Fe13,0.6039131551085368,0.2797009640237376,85.9668714951661
Ni64Fe29,2.072556398768066,0.20348040557150826,63.0852777647243
Ni68Fe12,0.9027275642719488,0.153022136842895,63.77865589138075
Ni69Fe20,1.0172416697760776,0.34300307389089435,89.37454665301847
Ni66Fe22,0.8294127068645918,0.2001786091382205,80.21516694810015
Ni60Fe11,1.160430129742995,0.2852052576105095,85.40661673286859
Ni58Fe11,2.01350301137727,0.2913259739757419,69.72988132054554
Ni70Fe18,1.5387717190078747,0.27200148341589714,80.29451248561813
Ni58Fe17,0.9097625483014251,0.21258147884272963,77.82725481925792
Ni66Fe10,2.2556601563040815,0.20421925075281314,78.09450360368841
Ni74Fe20,2.259163709903058,0.2695336565405406,80.47597378613165
Ni57Fe19,2.241156850092014,0.32321912672233827,77.26077519387296
Ni74Fe16,0.9775924227630786,0.3393467457846791,72.87187107907998
Ni52Fe12,1.4024786883619762,0.17118116088075153,68.2776808314164
Ni67Fe14,2.46997931228175,0.18096572251954396,83.05743992739606
Ni61Fe21,2.0440249526199805,0.3389472517566159,66.78817290009559
Ni68Fe15,0.5543348424511196,0.29730704566695854,80.77062918463243
Ni51Fe21,0.6304091825209841,0.3265987649659546,66.9999846794798
Ni68Fe14,1.4278627536246655,0.1905265268270686,78.75990509863362
Ni61Fe26,2.3184404117231203,0.26751717422188037,82.41234801387087
Ni78Fe26,1.5774035959054284,0.29022791888349475,66.56141666719617
Ni59Fe26,1.4956250160685804,0.2860223770893945,61.79829902583925
Ni64Fe21,0.7109473999132612,0.2316303381733396,63.92921228982522
Ni79Fe25,1.813560209448588,0.1530789783382617,78.17990901813076
Ni73Fe28,2.1442063212004507,0.2665852113608526,85.48339218677206
Ni57Fe26,1.2608400150151247,0.20062030783592175,61.34990463706273
Ni72Fe14,2.051223701850655,0.24005084922857806,82.02453777124938
Ni71Fe25,2.428953307801623,0.34151620301676344,70.23955937850157
Ni55Fe17,0.9075329182553782,0.22980706352848693,74.35585109758567
Ni74Fe27,1.5466592623894826,0.3179603213328853,87.86578649536696
Ni74Fe21,1.074275916169151,0.18770812114985022,69.95914514207536
Ni64Fe18,2.0857088380676787,0.28449209960500577,73.96010801818458
Ni62Fe24,1.655186731762315,0.34540139088778865,60.410472442820435
Ni59Fe25,1.7691648351006075,0.17037862017458735,62.44796160014515
Ni56Fe26,2.095828319231788,0.1516639884454384,67.75774773404352
Ni72Fe16,1.2919409453249098,0.23671655852652285,60.83556722463223
Ni63Fe24,2.3301801368140866,0.16852509661027343,78.94125978144753
Ni70Fe16,1.56605773449228,0.2996768699352462,72.79195070404867
Ni58Fe28,0.815909645670696,0.33290973276971175,76.44435608184065
Ni65Fe17,1.891798236337605,0.23680419454175175,65.23941557688988
Ni67Fe27,2.086522700876509,0.2017423284310882,68.87796088309848
Ni79Fe29,1.1335233541350533,0.23688066380132194,79.91473424558176
Ni56Fe12,2.2143585139975057,0.2946895635700002,88.959081708912
Ni67Fe19,2.312286509531533,0.1518108323160742,61.51250320806628
Ni56Fe26,1.0538089747556179,0.2678907978969394,86.71152962565799
Ni63Fe12,2.4670429454304443,0.27265833697747577,77.30643603933626
Ni61Fe22,0.7814230560975168,0.2775376493791871,76.91758700266871
Ni51Fe12,0.9040313368049799,0.19840441599617542,75.00835605623281
Ni54Fe20,0.8684496784760523,0.29281054467562534,62.0818225771255
Ni57Fe21,2.287979420015741,0.16827829726635526,62.69630555208482
Ni56Fe24,1.8085851046499237,0.18985406729336016,78.02736016977258
Ni73Fe26,0.8042085664445457,0.32549400933089634,70.22875714306674
Ni53Fe22,1.380646836736698,0.29774463014531327,87.51804199733041
Ni67Fe10,1.730596050139604,0.15274911080226905,72.19771612078416
Ni65Fe22,0.6669281699787666,0.19967525207396003,64.29844376107923
Ni59Fe21,2.2648327368146774,0.1928812965986329,81.44156500506108
Ni79Fe11,2.1072070708830704,0.2041612656073945,68.80060264323029
Ni72Fe12,1.5104135471532765,0.19951195405597727,75.7641092206768
Ni59Fe11,2.434253230518341,0.16250525914856914,80.93498356515511
Ni79Fe22,1.3355219585501994,0.24178810331936407,87.0079233360621
Ni62Fe27,2.468220638072996,0.296546694957233,83.76573584405028
Ni52Fe16,1.8358399976072541,0.27134634494348725,80.29083203618173
Ni63Fe29,1.769342546507883,0.28457433371961594,80.38899547185432
Ni78Fe26,0.83190979059157,0.1662298357072478,88.3777393209626
Ni78Fe21,2.263855516609288,0.3402981420353574,68.87472292489608
Ni74Fe25,1.3549793758412303,0.31769836676860497,60.033362825885625
Ni73Fe21,0.8244668115649587,0.31101806369913254,68.15863678194596
Ni64Fe19,0.5252150399515181,0.3145967610083535,66.53674138880231
Ni79Fe16,1.6195113672767651,0.33654210162655224,79.85503755341995
Ni69Fe14,1.5547992442453527,0.2588507932227395,79.01134799296587
Ni50Fe26,1.9387072447383171,0.19005640357352516,77.80384148114172
Ni52Fe22,2.2805161060356043,0.2733567215705082,60.48730329628361
Ni63Fe27,0.658813169286059,0.2985762987335878,81.86334163351943
Ni53Fe27,1.9629929806807247,0.29758347867080504,69.70591237456475
Ni79Fe14,0.8748238881951644,0.254289804833376,79.95167967019893
Ni74Fe25,2.216354106314328,0.16369174386671562,76.6973528550646
Ni50Fe23,2.1381270277233124,0.22422258768602554,70.28192776283721
Ni64Fe18,1.5815875099710888,0.3341533216926714,64.03728801312323
Ni64Fe26,1.920485597246623,0.26688978195148516,62.832566929814426
Ni74Fe13,1.1287002263674968,0.25766638865114266,84.94554999336671
Ni61Fe14,1.4423357978656293,0.2037707028764387,87.55192626244674
Ni78Fe14,2.143273795420943,0.22368978398331577,79.49364140292899
Ni60Fe15,1.4185303943464278,0.3290692178306338,63.1030234458145
Ni56Fe23,1.2155965306508836,0.28329260950536717,72.06081650664723
Ni73Fe20,1.4884248945005998,0.3074774053504665,81.86817600315472
Ni79Fe22,2.1564985048744365,0.24086908461353101,83.39462652030204
Ni51Fe16,1.1704160947417455,0.27604944389123154,63.54655866873266
Ni69Fe13,0.8475231862714876,0.19967672174864148,60.00092156536147
Ni76Fe17,1.9240280406615615,0.29109216605669724,81.36411137641815
Ni69Fe28,2.151956425416164,0.23552026674066745,70.69788527958617
Ni62Fe23,0.7012749570470667,0.23850910296294908,67.63443994854781
Ni59Fe20,0.9797482255118894,0.2798644649153763,60.386924093685764
Ni51Fe18,0.7839439795219878,0.3372561242937853,76.208982202845
Ni66Fe12,1.1958828231643333,0.16280126932172417,85.53452206277944
Ni73Fe15,1.4007019578108253,0.31494864746940154,88.72894938817764
Ni54Fe14,1.997652673926613,0.2084766220824386,76.97234851839868
Ni71Fe24,1.8022951697633482,0.23878389090127555,75.43383983219682
Ni72Fe26,1.7418571349568623,0.15438266575500179,62.551691564677235
Ni58Fe12,1.2047498932193088,0.2102092155668626,76.46618404627799
Ni69Fe26,2.1828951061695197,0.25052624852602606,71.39937236896183
Ni78Fe19,1.4425743347963291,0.1612352154694878,78.21405842650731
Ni52Fe27,2.458209876030309,0.24821914587663302,71.6617904362964
Ni67Fe26,1.7682842765914737,0.33542212577168545,67.208973703511
Ni73Fe12,0.7525294831290055,0.17107864362156103,62.8489582568513
Ni52Fe15,1.852355124150868,0.30288814561510086,69.44755333766687
Ni62Fe24,1.150208030863398,0.2319342106751985,62.89934502863257
Ni74Fe18,1.8726543933721949,0.28103474290486763,65.30690852471952
Ni53Fe23,0.6392822963248115,0.20204731959704586,89.62008475738638
Ni54Fe11,0.8497628743519188,0.18189845250827164,73.32310670719856
Ni60Fe18,2.2114745178115727,0.18209252285424526,75.95615299515049
Ni73Fe12,0.9543591140470298,0.16409838912862892,86.20855586211647
Ni76Fe18,2.1740822504858803,0.18712934098024858,89.86706701472063
Ni52Fe11,1.0585521769088209,0.2828438769977937,77.48143348034044
Ni61Fe19,1.7857638201174153,0.3263381223687016,84.37421463132515
Ni58Fe24,1.888301147019662,0.31282513711823234,69.80823073010026
Ni57Fe14,1.5253095062901059,0.2870268619748968,69.17231872341873
Ni60Fe11,1.1106213533934626,0.17208637268222052,72.08111162983681
Ni73Fe24,0.9252887527421922,0.20783748925918996,80.17521788020947
Ni55Fe17,0.5663787091248524,0.21196137506449378,80.46575067765296
Ni76Fe14,1.1078928024814476,0.19999138927952423,69.45718303948352
Ni65Fe27,1.806325581062566,0.2530011319419446,63.99629772409886
Ni55Fe14,2.3766096368969656,0.2571107629759345,78.97188769396526
Ni77Fe25,2.242408964526104,0.22137719503422204,63.849775865662934
Ni62Fe14,2.032129553070605,0.2207578317472872,77.35477524687991
Ni62Fe26,2.0768946865065976,0.3157111195812162,80.80266384168927
Ni67Fe17,1.8299698069519905,0.3078585696639371,81.01834489183355
Ni62Fe28,1.020573715132006,0.21155916633614913,82.6041633197879
Ni75Fe12,2.3143900614116597,0.33275768877465184,86.18578264696994
Ni73Fe17,1.841464623811668,0.34056300340050116,74.99876975894365
Ni51Fe17,1.62088126196088,0.21534850840600817,81.90747568588714
Ni76Fe22,0.7219789384269621,0.22088498975861096,78.5751820609751
Ni62Fe10,1.3941110876128509,0.25112683068439173,65.59919819393048
Ni55Fe28,1.4207165424038526,0.3382241625067347,60.77068934608224
Ni65Fe17,2.22912721904534,0.3252638866284623,68.53624157030801
Ni77Fe10,1.593296440375577,0.17051359251671794,73.29101119012859
Ni76Fe25,1.2608010979408193,0.22854614865428324,78.5131783328597
Ni58Fe22,2.453600657021319,0.26067423794995437,85.49877991509616
Ni60Fe22,0.7214411866526313,0.250626494510308,65.88737150118497
Ni74Fe19,1.3450968566238892,0.1887726135873785,63.76649369695431
Ni53Fe15,0.5840493503428106,0.3217633542336309,88.90439842422983
Ni77Fe16,1.9798082415338607,0.28538815659936745,63.24133678129221
Ni54Fe20,2.336153104398301,0.3175816749703607,74.35473210321567
Ni62Fe28,1.0600746591009789,0.32175285586989444,77.56691186379905
Ni72Fe19,2.216683353598242,0.299671170733148,76.24123262722316
Ni59Fe20,1.0844364609237955,0.23784212024994345,62.5809647109883
Ni70Fe16,2.3215403232878304,0.27210935100308487,61.71080742010858
Ni67Fe13,2.007923807193568,0.1820730812239486,63.16450282383107
Ni51Fe23,2.1098135536828773,0.2847290834949815,77.56763051617838
Ni62Fe21,0.536013111200909,0.18585065114785615,76.33034662902963
Ni56Fe11,2.425620714148052,0.28878991810203136,67.01222376110233
Ni62Fe23,1.9533419841406465,0.19591963215079372,79.13322425536775
Ni76Fe26,1.1095021907722666,0.173510260030044,84.60202506166948
Ni58Fe26,2.1587893297176937,0.18305689802859149,61.24736879539781
Ni57Fe11,1.06304239682986,0.15039842704381404,74.94389830644127
Ni77Fe22,2.245507679132256,0.293747923570706,80.67931236308071
Ni52Fe25,0.725160780823874,0.2964802098116758,67.56935781209062
Ni55Fe28,1.9073719549215915,0.25298666998265185,69.23312715879447
Ni79Fe16,1.5813969532898207,0.18227256021107674,78.40913708968151
Ni59Fe18,0.6930689403908816,0.16671086750213793,86.9380588033121
Ni51Fe24,0.983787656517678,0.1538257932874574,84.29773260908698
Ni79Fe14,0.5248080725546296,0.18314963539304413,77.4939065729875
Ni78Fe13,1.4375359309290117,0.3281711069966293,81.90665153271748
Ni69Fe13,1.1025305215200008,0.19830736834033635,70.94467410623396
Ni67Fe13,1.6967149685955176,0.2208542654434431,79.22896584296274
Ni76Fe26,1.0944756154172344,0.17106909689626662,73.9854477338267
Ni61Fe26,1.0998382230139694,0.19447226094963405,65.69808409372683
Ni59Fe10,1.9863863974632068,0.253844914156041,81.05214821631772
Ni71Fe27,0.5962856719567069,0.2715505366191305,76.69393912046466
Ni67Fe23,2.3057899903839747,0.1990704628332422,70.75864745860774
Ni64Fe21,2.204527748782363,0.16154643184502343,87.34017570235892
Ni53Fe12,1.835609366452813,0.2282065738254797,60.628023534802
Ni69Fe21,1.6864431402147686,0.19684067418526682,69.47319453748489
Ni56Fe20,2.2846049962793042,0.19391078464596037,61.706441933329394
Ni50Fe15,0.8706603590574289,0.34197256054269104,82.99581948664881
Ni64Fe24,0.6579383243816572,0.27326009718514477,81.06322362341378
Ni68Fe20,0.9790203398190762,0.2613756886344192,69.94056656208951
Ni75Fe11,2.0891565574003805,0.23315502070466437,80.26988706621219
Ni63Fe11,0.5693405334529666,0.23578886668602883,71.87811678587849
Ni78Fe13,1.6656136701669793,0.25818100076761613,82.68761374267302
Ni66Fe12,2.49087503238262,0.2892859614072214,73.62550988210118
Ni62Fe18,2.211392187675079,0.2904292192363659,72.36839183494996
Ni56Fe24,1.542891378087179,0.1843387815410899,88.04189746464903
Ni72Fe20,0.6272818185732847,0.2500225504153254,67.52637299672101
Ni69Fe11,2.1627470287714194,0.23239161900682037,63.613420199896964
Ni64Fe23,1.697957016354421,0.32410539325387683,77.53629339778374
Ni69Fe20,0.7298659941191337,0.2762837842436753,89.07965436852537
Ni76Fe12,0.6877145696467124,0.25650081328319635,71.3351764118156
Ni66Fe21,2.319253638873185,0.17307892843578346,61.861102908863444
Ni73Fe24,1.8384005258761569,0.2711275778646823,70.17915801928703
Ni65Fe14,2.1585735986335113,0.17344078113604666,75.17794962958675
Ni76Fe29,2.257957800564535,0.2174413151131504,64.85769019896641
Ni55Fe28,1.6435447040966444,0.17856839296286636,79.74306654169476
Ni74Fe14,1.5348927035100826,0.2884147294048738,89.93248167030602
Ni52Fe10,1.3608548206419804,0.1912504227672305,73.55218427944331
Ni75Fe15,1.1338931755822386,0.2283718746376052,70.64185670190638
Ni64Fe11,1.3691919217174235,0.3291349555237557,72.021125005034
Ni78Fe12,2.0477593114603128,0.19086327667979405,63.45438535185603
Ni66Fe21,1.7038468620302631,0.2515610127917558,86.49820804278671
Ni67Fe24,2.285046579909692,0.2338543322332044,72.44476966564056
Ni61Fe25,1.3867600287583755,0.15362480820914595,71.61823234274524
Ni76Fe17,1.714179157437508,0.30855162271456255,79.79070818791423
Ni77Fe23,1.7626151061839774,0.16380918126291993,73.2610026279337
Ni74Fe26,1.683394324612651,0.2448510041953907,79.44700406423539
Ni78Fe17,1.9052675461710327,0.26213565898778995,61.84338870392362
Ni64Fe23,0.9748669367496126,0.2756852913229174,84.41170031166682
Ni67Fe29,1.5247275550915813,0.2877263258615751,88.21511858638208
Ni56Fe12,0.7084496056166953,0.200654476704543,79.46296158478158
Ni78Fe21,1.269022655289625,0.15199575533168988,88.63697786576432
Ni70Fe12,1.4753341372425288,0.2946887324709824,64.5429694310989
Ni69Fe23,1.804448519090945,0.2571313198695157,74.32248568441061
Ni64Fe23,2.4010621051724073,0.31722354064144975,78.05420201836341
Ni56Fe26,1.7013021330967117,0.31427767258013883,77.4520994226356
Ni79Fe21,1.9871878323531196,0.3186652335575766,72.0438533726713
Ni69Fe13,1.5125321189904055,0.24701893199590802,70.14253228098784
Ni58Fe15,1.7682080627526626,0.21672567916737312,63.80472067651257
Ni65Fe11,0.6418644322675469,0.308311640518274,71.75227351686834
Ni73Fe17,1.008783161683694,0.24025882260585096,64.87982445316456
Ni60Fe22,1.2237061864102774,0.1866884392806869,82.03097029476655
Ni66Fe17,1.4449867100130271,0.32099480391229485,66.2649280648377
Ni70Fe27,0.5912974910047675,0.3265119753544694,61.75695915853601
Ni79Fe27,0.7800481951066354,0.243261951228034,76.57098413451703
Ni63Fe24,1.0536286155826116,0.16513994546195748,77.85689198158205
Ni55Fe20,2.4430653818021013,0.22756521798338625,86.15739183841517
Ni62Fe10,1.1626940142061015,0.31070753189252065,77.30944837253045
Ni77Fe15,1.464082116224165,0.3303548057092457,70.36442561170337
Ni58Fe17,0.8921954254767859,0.19069454849951917,84.09035644578961
Ni60Fe28,1.7215601421515365,0.1633947224050543,76.20836679562262
Ni73Fe18,1.0613664310319486,0.32547009062656773,62.37840853893575
Ni66Fe21,0.9139851568768536,0.22788098779577504,76.97551680939739
Ni74Fe23,1.5331452568919581,0.25835219285351263,87.24055636264987
Ni64Fe25,0.5110115983208416,0.3436131624101518,71.88937876494661
Ni71Fe29,0.5153280652984507,0.16331294558284457,68.889774056994
Ni50Fe19,0.9381376182037156,0.27966360149041913,64.3040837105406
Ni57Fe27,0.5734427250016423,0.1648210845149734,64.54336565806072
Ni77Fe10,0.7160515082613828,0.22509378569330007,72.98314453025456
Ni51Fe10,1.1777212986775032,0.3107629090386893,77.87039472484588
Ni50Fe18,2.105171359159626,0.23669444655112687,62.41846215508805
Ni62Fe10,1.6440972867386017,0.34943647078059004,88.18705767075497
Ni62Fe29,1.5253354519128328,0.2618118569893204,82.65400852335588
Ni75Fe16,1.0869776464162433,0.21423243052719068,77.59871754850988
Ni51Fe15,2.363507438865633,0.19402226518095061,84.85316012816972
Ni56Fe23,1.2940300824743833,0.22010410685723236,62.405602704363396
Ni75Fe27,0.674185533591543,0.22450665475191015,74.30516633199373
Ni64Fe11,1.7341330322356026,0.16374273554479218,78.90279380584991
Ni59Fe21,0.7276767869532028,0.22391483988535463,84.85958718354868
Ni66Fe17,1.1904462856033842,0.24284770394784497,83.50408680147802
Ni60Fe12,1.5148238774356177,0.29454755044776093,68.312077491402
Ni76Fe15,2.2484450493703516,0.28134589694432155,88.22640508677613
Ni58Fe15,1.4870931606802373,0.29175313104583084,63.73037524292611
Ni58Fe16,1.9045175320633285,0.1516727363753714,86.25400855863457
Ni58Fe27,2.4856336779981407,0.1935334799161072,89.12820748813856
Ni61Fe17,0.7629782397959632,0.2823368576799713,65.31460569667877
Ni57Fe27,1.049463051039039,0.2467978736359494,81.66198192611355
Ni77Fe29,1.2891521511952928,0.15106269513366918,61.20856556333995
Ni79Fe24,1.3436563570776627,0.31089892848636447,72.16268475417465
Ni76Fe16,1.3220421505310915,0.3045619146580675,75.48849897593021
Ni60Fe29,2.31522200511311,0.2596838325987125,77.41935677728902
Ni65Fe13,1.9280652889337129,0.16329266515525442,88.07811744745678
Ni55Fe12,1.7158104281814075,0.30330300990651693,80.16752061882585
Ni58Fe19,1.1187454357255642,0.26674271754627277,74.4383385365771
Ni63Fe20,2.147580768442589,0.3063919954315918,84.29025108797669
Ni67Fe21,2.410121022969978,0.3003493984791681,88.51598462863227
Ni72Fe21,2.1423965651004533,0.3106004143915674,60.66198446046872
Ni62Fe22,0.5031302103829458,0.25360161328092495,89.47563816768115
Ni68Fe28,1.772802740366814,0.17806490363870298,62.58396417191041
Ni72Fe23,0.6022707628842014,0.2842314946759377,84.43160337806285
Ni53Fe22,1.0152144406674437,0.2740947570103941,68.41004257654238
Ni57Fe28,0.6190494006955434,0.2984506374398174,63.96538973261615
Ni61Fe27,1.7075909058987755,0.18397620121014704,73.19566919141505
Ni55Fe27,1.8731798269852136,0.18899503998005784,79.3186973834284
Ni68Fe14,0.7289752761318102,0.3280819034438657,71.42855535070424
Ni73Fe18,1.267677766089959,0.29999555969041414,61.63696224848097
Ni76Fe12,1.412473017911084,0.3316456977400646,77.9838341897615
Ni77Fe19,1.2381060435218332,0.30174306423278413,87.07209828332024
Ni68Fe12,0.7420500009703861,0.2694310611980604,71.49646097841755
Ni78Fe24,1.3378955803749508,0.2808265474055747,66.48998332892481
Ni50Fe16,2.002356095616836,0.32782558478800194,73.27732037798447
